{
	"K": [
		[575.8157496,0,320],
		[0,575.8157496,240],
		[0,0,1]
	],
	"format": "OpenNI",
	"path": "/Users/songshuran/Documents/FYT/Data/NoOccFrames/toy_no_occ",
	"depthTimestamp": [0,66738,100107,166846,200215,266954,300323,367061,400431,467169,500538,567277,600646,667385,700754,767492,800862,867600,900969,967708,1001077,1067816,1101185,1167923,1201293,1268031,1301400,1368139,1401508,1468247,1501616,1568354,1601724,1668462,1701831,1768570,1801939,1868678,1902047,1968785,2002155,2068893,2102262,2169001,2202370,2269109,2302478,2369216,2402586,2469324,2502693,2569432,2602801,2669540,2702909,2769647,2803017,2869755,2903124,2969863,3003232,3069971,3103340,3170078,3203448,3270186,3270186,3370294,3370294,3470402,3503771,3570509,3570509,3670617,3670617,3770725,3770725,3870833,3870833,3970940,3970940,4071048,4071048,4171156,4204525,4271264,4304633,4371371,4404741,4471479,4504848,4571587,4604956,4671695,4705064,4771802,4805172,4871910,4905279,4972018,5005387,5072126,5105495,5172233,5205603,5272341,5305710,5372449,5405818,5472557,5505926,5572664,5606034,5672772,5706141,5772880,5806249,5872988,5906357,5973095,6006465,6073203,6106572,6173311,6206680,6306788,6340157,6406896,6440265,6507003,6540373,6607111,6640480,6707219,6740588,6807327,6840696,6907434,6940804,7007542,7040911,7107650,7141019,7207758,7241127,7274496,7341235,7374604,7441342,7474712,7541450,7574819,7641558,7674927,7741666,7775035,7841773,7875143,7941881,8008620,8041989,8108727,8142097,8208835,8242204],
	"depthFrameID": [1,2,3,4,5,6,7,8,9,10,11,12,13,14,15,16,17,18,19,20,21,22,23,24,25,26,27,28,29,30,31,32,33,34,35,36,37,38,39,40,41,42,43,44,45,46,47,48,49,50,51,52,53,54,55,56,57,58,59,60,61,62,63,64,65,66,66,68,68,70,71,72,72,74,74,76,76,78,78,80,80,82,82,84,85,86,87,88,89,90,91,92,93,94,95,96,97,98,99,100,101,102,103,104,105,106,107,108,109,110,111,112,113,114,115,116,117,118,119,120,121,122,123,124,125,126,127,128,129,130,131,132,133,134,135,136,137,138,139,140,141,142,143,144,145,146,147,148,149,150,151,152,153,154,155,156,157,158,159,160,161,162,163,164,165],
	"imageTimestamp": [0,66676,100014,166690,200029,266705,300043,366719,400057,466734,500072,566748,600086,666762,700100,766777,800115,866791,900129,966805,1000144,1066820,1100158,1166834,1200172,1266849,1300187,1366863,1400201,1466877,1500215,1566892,1600230,1666906,1700244,1766920,1800259,1866935,1900273,1966949,2000287,2066964,2100302,2166978,2200316,2266992,2300330,2367007,2400345,2467021,2500359,2567035,2600374,2667050,2700388,2767064,2800402,2867079,2900417,2967093,3000431,3067107,3100445,3167122,3200460,3267136,3300474,3367150,3400489,3467165,3500503,3567179,3600517,3667194,3700532,3767208,3800546,3867222,3900560,3967237,4000575,4067251,4100589,4167265,4200604,4267280,4300618,4367294,4400632,4467309,4500647,4567323,4600661,4667337,4700675,4767352,4800690,4867366,4900704,4967380,5000719,5067395,5100733,5167409,5200747,5267424,5300762,5367438,5400776,5467452,5500790,5567467,5600805,5667481,5700819,5767495,5834172,5867510,5934186,5967524,6034200,6067539,6134215,6167553,6234229,6300905,6334244,6400920,6434258,6500934,6534272,6600949,6634287,6700963,6734301,6800977,6834315,6900992,6934330,7001006,7034344,7101020,7134359,7201035,7234373,7301049,7334387,7401064,7434402,7501078,7534416,7601092,7634430,7701107,7734445,7801121,7834459,7901135,7934474,8001150,8034488,8101164,8134502,8201179,8234517],
	"imageFrameID": [1,2,3,4,5,6,7,8,9,10,11,12,13,14,15,16,17,18,19,20,21,22,23,24,25,26,27,28,29,30,31,32,33,34,35,36,37,38,39,40,41,42,43,44,45,46,47,48,49,50,51,52,53,54,55,56,57,58,59,60,61,62,63,64,65,66,67,68,69,70,71,72,73,74,75,76,77,78,79,80,81,82,83,84,85,86,87,88,89,90,91,92,93,94,95,96,97,98,99,100,101,102,103,104,105,106,107,108,109,110,111,112,113,114,115,116,117,118,119,120,121,122,123,124,125,126,127,128,129,130,131,132,133,134,135,136,137,138,139,140,141,142,143,144,145,146,147,148,149,150,151,152,153,154,155,156,157,158,159,160,161,162,163,164,165],
	"length": 165,
	"fov": [1.014468671,0.7898094345]
}
