{
	"K": [
		[575.8157496,0,320],
		[0,575.8157496,240],
		[0,0,1]
	],
	"format": "OpenNI",
	"path": "/Users/songshuran/Documents/FYT/Data/OccFrames/two_book",
	"depthTimestamp": [0,33370,100108,133477,200216,233585,300324,333693,400431,433801,500539,500539,600647,600647,700755,700755,800862,800862,900970,1067816,1067816,1134555,1167924,1234663,1301401,1368140,1434878,1468247,1534986,1568355,1635094,1668463,1735201,1768571,1835309,1868678,1935417,1968786,2035525,2068894,2135632,2169002,2235740,2269109,2335848,2369217,2435956,2469325,2536063,2569433,2636171,2669540,2736279,2769648,2836387,2869756,2936494,2969864,3036602,3069971,3136710,3170079,3236818,3270187,3336925,3370295,3437033,3470402,3537141,3570510,3637249,3670618,3737356,3770726,3837464,3870833,3937572,3970941,4037680,4071049,4137787,4171157,4237895,4271264,4338003,4371372,4438111,4471480,4538218,4571588,4638326,4671695,4738434,4805172,4838542,4905280,4972019,5038757,5072126,5138865,5205603,5238973,5305711,5339080,5405819,5472557,5639404,5639404,5706142,5739511,5806250,5839619,5906358,5939727,6006465,6039835,6106573,6106573,6206681,6206681,6306789,6306789,6406896,6406896,6507004,6507004,6607112,6607112,6707220,6773958,6807327,6807327,6907435,6907435,7007543,7007543,7107651,7107651,7207758,7274497,7307866,7374605,7407974,7474712,7508082,7541451,7608189,7641559,7708297,7741666,7808405,7841774,7908513,7941882,8008620,8041990,8108728,8142097,8208836,8242205,8308944,8342313,8409051,8442421,8509159,8542528,8609267,8642636,8709375,8742744,8809482,8842852,8909590,8942959,9009698,9043067,9109806,9143175,9209913,9243283,9310021,9343390,9410129,9443498,9510237,9543606,9610344,9677083,9710452],
	"depthFrameID": [1,2,3,4,5,6,7,8,9,10,11,11,13,13,15,15,17,17,19,21,21,22,23,24,25,26,27,28,29,30,31,32,33,34,35,36,37,38,39,40,41,42,43,44,45,46,47,48,49,50,51,52,53,54,55,56,57,58,59,60,61,62,63,64,65,66,67,68,69,70,71,72,73,74,75,76,77,78,79,80,81,82,83,84,85,86,87,88,89,90,91,92,93,94,95,96,97,98,99,100,101,102,103,104,105,106,108,108,109,110,111,112,113,114,115,116,117,117,119,119,121,121,123,123,125,125,127,127,129,130,131,131,133,133,135,135,137,137,139,140,141,142,143,144,145,146,147,148,149,150,151,152,153,154,155,156,157,158,159,160,161,162,163,164,165,166,167,168,169,170,171,172,173,174,175,176,177,178,179,180,181,182,183,184,185,186,187,188,189],
	"imageTimestamp": [0,33338,100015,133353,200029,233367,300043,333381,400058,433396,500072,533410,600086,633425,700101,733439,800115,833453,900130,1033482,1066820,1133496,1200173,1233511,1333525,1366863,1433540,1466878,1533554,1566892,1633568,1666906,1733583,1766921,1833597,1866935,1933611,1966950,2033626,2066964,2133640,2166978,2233655,2266993,2333669,2367007,2433683,2467021,2533698,2567036,2633712,2667050,2733726,2767065,2833741,2867079,2933755,2967093,3033770,3067108,3133784,3167122,3233798,3267136,3333813,3367151,3433827,3467165,3533841,3567180,3633856,3667194,3733870,3767208,3833885,3867223,3933899,3967237,4033913,4067251,4133928,4167266,4233942,4267280,4333956,4367295,4433971,4467309,4533985,4567323,4634000,4667338,4734014,4800690,4867366,4934043,4967381,5034057,5100733,5134071,5200748,5234086,5300762,5367438,5434115,5467453,5600805,5634143,5700820,5734158,5800834,5834172,5900848,5934186,6000863,6034201,6100877,6134215,6200891,6234230,6300906,6334244,6400920,6434258,6500935,6534273,6600949,6634287,6700963,6767640,6800978,6834316,6900992,6934330,7001006,7034345,7101021,7134359,7201035,7267711,7301050,7367726,7401064,7467740,7501078,7567755,7601093,7667769,7701107,7767783,7801121,7867798,7901136,7967812,8001150,8067826,8101165,8167841,8201179,8267855,8301193,8367870,8401208,8467884,8501222,8567898,8601236,8667913,8701251,8767927,8801265,8867941,8901280,8967956,9001294,9067970,9101308,9167985,9201323,9267999,9301337,9368013,9401351,9468028,9501366,9568042,9601380,9668056,9701395],
	"imageFrameID": [1,2,3,4,5,6,7,8,9,10,11,12,13,14,15,16,17,18,19,20,21,22,23,24,25,26,27,28,29,30,31,32,33,34,35,36,37,38,39,40,41,42,43,44,45,46,47,48,49,50,51,52,53,54,55,56,57,58,59,60,61,62,63,64,65,66,67,68,69,70,71,72,73,74,75,76,77,78,79,80,81,82,83,84,85,86,87,88,89,90,91,92,93,94,95,96,97,98,99,100,101,102,103,104,105,106,107,108,109,110,111,112,113,114,115,116,117,118,119,120,121,122,123,124,125,126,127,128,129,130,131,132,133,134,135,136,137,138,139,140,141,142,143,144,145,146,147,148,149,150,151,152,153,154,155,156,157,158,159,160,161,162,163,164,165,166,167,168,169,170,171,172,173,174,175,176,177,178,179,180,181,182,183,184,185,186,187,188,189],
	"length": 189,
	"fov": [1.014468671,0.7898094345]
}
