{
	"K": [
		[575.8157496,0,320],
		[0,575.8157496,240],
		[0,0,1]
	],
	"format": "OpenNI",
	"path": "/Users/songshuran/Documents/FYT/Data/NoOccFrames/walking_no_occ",
	"depthTimestamp": [0,33369,100107,133477,200215,233584,300323,333692,400431,433800,500538,533908,600646,634015,700754,734123,800862,834231,900969,934339,1001077,1034446,1101185,1134554,1201293,1234662,1301400,1334770,1401508,1434877,1501616,1534985,1601724,1635093,1701831,1735201,1801939,1835308,1902047,1935416,2002155,2035524,2102262,2135632,2202370,2235739,2302478,2335847,2402586,2435955,2502693,2536063,2602801,2636170,2702909,2736278,2803017,2836386,2903124,2936494,3003232,3069971,3103340,3170078,3203448,3270186,3303555,3370294,3403663,3470402,3503771,3570509,3603879,3670617,3703986,3770725,3804094,3870833,3904202,3970940,4004310,4071048,4104417,4171156,4204525,4271264,4304633,4371371,4404741,4471479,4504848,4571587,4604956,4671695,4705064,4771802,4805172,4871910,4905279,4972018,5005387,5072126,5105495,5172233,5205603,5272341,5305710,5372449,5405818,5472557,5505926,5572664,5606034,5672772,5706141,5772880,5806249,5872988],
	"depthFrameID": [1,2,3,4,5,6,7,8,9,10,11,12,13,14,15,16,17,18,19,20,21,22,23,24,25,26,27,28,29,30,31,32,33,34,35,36,37,38,39,40,41,42,43,44,45,46,47,48,49,50,51,52,53,54,55,56,57,58,59,60,61,62,63,64,65,66,67,68,69,70,71,72,73,74,75,76,77,78,79,80,81,82,83,84,85,86,87,88,89,90,91,92,93,94,95,96,97,98,99,100,101,102,103,104,105,106,107,108,109,110,111,112,113,114,115,116,117,118],
	"imageTimestamp": [0,33339,100015,133353,200029,233367,300044,333382,400058,433396,500072,533410,600087,633425,700101,733439,800115,833454,900130,933468,1000144,1033482,1100159,1133497,1200173,1233511,1300187,1333525,1400202,1433540,1500216,1533554,1600230,1633569,1700245,1733583,1800259,1833597,1900274,1933612,2000288,2033626,2100302,2133640,2200317,2233655,2300331,2333669,2400345,2433684,2500360,2533698,2600374,2633712,2700389,2767065,2800403,2867079,2900417,2933755,3000432,3067108,3100446,3167122,3200460,3300475,3300475,3367151,3400489,3500504,3500504,3567180,3600518,3667194,3700532,3767209,3800547,3867223,3900561,3967237,4000575,4067252,4100590,4167266,4200604,4267280,4300619,4367295,4400633,4467309,4500647,4567324,4600662,4667338,4700676,4767352,4800690,4867367,4900705,4967381,5000719,5067395,5100734,5167410,5200748,5267424,5300762,5367439,5400777,5467453,5500791,5567467,5600805,5667482,5700820,5767496,5800834,5867510],
	"imageFrameID": [1,2,3,4,5,6,7,8,9,10,11,12,13,14,15,16,17,18,19,20,21,22,23,24,25,26,27,28,29,30,31,32,33,34,35,36,37,38,39,40,41,42,43,44,45,46,47,48,49,50,51,52,53,54,55,56,57,58,59,60,61,62,63,64,65,67,67,68,69,71,71,72,73,74,75,76,77,78,79,80,81,82,83,84,85,86,87,88,89,90,91,92,93,94,95,96,97,98,99,100,101,102,103,104,105,106,107,108,109,110,111,112,113,114,115,116,117,118],
	"length": 118,
	"fov": [1.014468671,0.7898094345]
}
